{"cameraMode":{"drawMode":0,"name":"Shaded","section":"Shading Mode"},"sceneLighting":false,"audioPlay":false,"sceneViewState":{"showFog":false,"showMaterialUpdate":false,"showSkybox":false,"showFlares":false,"showImageEffects":false,"showParticleSystems":false},"in2DMode":false,"pivot":{"x":0.9182079434394836,"y":1.7546566724777222,"z":0.7286922931671143},"rotation":{"x":0.2462775558233261,"y":0.2912733852863312,"z":-0.07807908207178116,"w":0.921153724193573},"size":14.904300689697266,"orthographic":false}