{"cameraMode":{"drawMode":0,"name":"Shaded","section":"Shading Mode"},"sceneLighting":false,"audioPlay":false,"sceneViewState":{"showFog":false,"showMaterialUpdate":false,"showSkybox":false,"showFlares":false,"showImageEffects":false,"showParticleSystems":false},"in2DMode":false,"pivot":{"x":-1.5677356719970704,"y":3.5078651905059816,"z":4.355020523071289},"rotation":{"x":0.13257087767124177,"y":-0.27395710349082949,"z":0.03788089007139206,"w":0.9518780708312988},"size":36.47944641113281,"orthographic":false}