{"cameraMode":{"drawMode":0,"name":"Shaded","section":"Shading Mode"},"sceneLighting":false,"audioPlay":false,"sceneViewState":{"showFog":false,"showMaterialUpdate":false,"showSkybox":false,"showFlares":false,"showImageEffects":false,"showParticleSystems":false},"in2DMode":false,"pivot":{"x":-2.840790271759033,"y":0.2595713138580322,"z":2.46710205078125},"rotation":{"x":0.23962678015232087,"y":-0.18056140840053559,"z":0.04514060914516449,"w":0.9529292583465576},"size":52.06599426269531,"orthographic":false}