{"cameraMode":{"drawMode":0,"name":"Shaded","section":"Shading Mode"},"sceneLighting":false,"audioPlay":false,"sceneViewState":{"showFog":false,"showMaterialUpdate":false,"showSkybox":false,"showFlares":false,"showImageEffects":false,"showParticleSystems":false},"in2DMode":false,"pivot":{"x":23.196990966796876,"y":30.408199310302736,"z":-45.5860595703125},"rotation":{"x":0.04021209478378296,"y":-0.9558678865432739,"z":0.15499821305274964,"w":0.2466772496700287},"size":41.22707748413086,"orthographic":false}