{"cameraMode":{"drawMode":0,"name":"Shaded","section":"Shading Mode"},"sceneLighting":false,"audioPlay":false,"sceneViewState":{"showFog":false,"showMaterialUpdate":false,"showSkybox":false,"showFlares":false,"showImageEffects":false,"showParticleSystems":false},"in2DMode":false,"pivot":{"x":-0.31377679109573367,"y":1.7861288785934449,"z":1.5209295749664307},"rotation":{"x":0.1824994832277298,"y":-0.11594320833683014,"z":0.021539263427257539,"w":0.976159393787384},"size":3.0990166664123537,"orthographic":false}