{"cameraMode":{"drawMode":0,"name":"Shaded","section":"Shading Mode"},"sceneLighting":false,"audioPlay":false,"sceneViewState":{"showFog":false,"showMaterialUpdate":false,"showSkybox":false,"showFlares":false,"showImageEffects":false,"showParticleSystems":false},"in2DMode":false,"pivot":{"x":-1.5677356719970704,"y":3.5078651905059816,"z":4.355020523071289},"rotation":{"x":0.13192279636859895,"y":0.009187715128064156,"z":-0.0014862822135910392,"w":0.9912834763526917},"size":20.56511688232422,"orthographic":false}