{"cameraMode":{"drawMode":0,"name":"Shaded","section":"Shading Mode"},"sceneLighting":false,"audioPlay":false,"sceneViewState":{"showFog":false,"showMaterialUpdate":false,"showSkybox":false,"showFlares":false,"showImageEffects":false,"showParticleSystems":false},"in2DMode":false,"pivot":{"x":-12.006422996520996,"y":-0.20802783966064454,"z":-4.201455116271973},"rotation":{"x":0.11294502764940262,"y":-0.8873291015625,"z":0.3191165030002594,"w":0.3134004771709442},"size":77.02684020996094,"orthographic":false}